{
  "title": "Ecological Excapades",
  "questions": [
    {
      "questionText": "Which of the following animals is known for its ability to change color as a form of camouflage?",
      "choices": [
        "African Elephand",
        "Polar Bear",
        "Chamelion",
        "Siberian Tiger"
      ],
      "answer": 3
    },
    {
      "questionText": "Which bird is famous for its impressive mating dance and colourful plumage?",
      "choices": ["Bald Eagle", "Emperor Penguin", "Peacock", "Albatross"],
      "answer": 2
    },
    {
      "questionText": "A unique feature of marsupials compared to other mammals is that they have a pouch for carrying their young.",
      "choices": ["True", "False"],
      "answer": 1
    },
    {
      "questionText": "Which of the following animals uses echolocation to navigate and find food?",
      "choices": ["Bat", "Penguin", "Elephant", "Giraffe"],
      "answer": 1
    },
    {
      "questionText": "What is the primary cause of deforestation in the Amazon rainforest?",
      "choices": [
        "Urban expansion",
        "Agriculture and cattle ranching",
        "Natural wildfires",
        "Mining operations",
        "Invasive species"
      ],
      "answer": 2
    }
  ]
}
